file,url
IMG_9101,https://studio333.net
IMG_9107,https://heler
IMG_9113,http://www.ucem.ac.uk
IMG_9113,https://www.ucem.ac.uk/whats-
IMG_9115,https://x.com/gunsnrosesgirl3/status/
IMG_9116,https://glassbeams.bandcamp.com/
IMG_9123,https://helena.social/draw
IMG_9125,https://youtu.be/hZFf4CqwCCO
IMG_9125,https://youtu.be/lOe1cYFdCv
IMG_9126,https://youtu.be/lOe1cYFdDzl
IMG_9126,https://youtu.be/vhreUFPjBso
IMG_9127,https://youtube.com/playlist
IMG_9129,https://youtu.be/Z1Ua1hVRtdE
IMG_9142,https://antymateria.com
IMG_9149,http://www.goodfirms.co
IMG_9149,https://www.goodfirms.co/reservation-
IMG_9155,http://www.perplexity.ai
IMG_9155,https://www.perplexity.ai/search/ilu-
IMG_9157,https://youtu.be/
IMG_9163,https://flaboy.com
IMG_9166,https://phospho.ai
IMG_9172,https://antymateria.com
IMG_9174,https://biomega.col
IMG_9174,https://clonerobotics.com
IMG_9179,https://sketchfab.com/categories
IMG_9179,https://sketchfab.com/3d-models/stellar-
IMG_9179,https://sketchfab.com/
IMG_9180,https://youtu.be/FGMEOdPxpWs
IMG_9182,https://youtube.com/shorts/
